id,x,y,status
1,139946.66666666666,22251.666666666668,a
2,140186.66666666666,22451.666666666668,b
3,140026.66666666666,22531.666666666668,NA
4,139796.66666666666,22391.666666666668,a
5,140056.66666666666,22391.666666666668,c
6,139986.66666666666,22381.666666666668,c
